nfeatures,n_octave_layers,ratio_threshold,min_match_count,min_inliers,min_bbox_area,accuracy,tpr,fpr,tp,fp,fn,runtime
1000,3,0.7,35,6,100,0.6595744680851063,0.7209302325581395,0.11428571428571428,62,8,24,7.678250919998391
1000,3,0.6,20,20,100,0.65625,0.7325581395348837,0.136986301369863,63,10,23,6.642972592002479
2000,3,0.6,10,20,25,0.65625,0.7325581395348837,0.136986301369863,63,10,23,7.352263977001712
2000,3,0.6,20,20,25,0.65625,0.7325581395348837,0.136986301369863,63,10,23,7.248209992001648
2000,3,0.7,10,20,25,0.6526315789473685,0.7209302325581395,0.1267605633802817,62,9,24,9.723154940998938
4000,3,0.6,20,20,25,0.6526315789473685,0.7209302325581395,0.1267605633802817,62,9,24,6.630774609999207
4000,3,0.7,35,20,25,0.6526315789473685,0.7209302325581395,0.1267605633802817,62,9,24,7.279929755000921
1000,3,0.6,10,20,25,0.6494845360824743,0.7325581395348837,0.14864864864864866,63,11,23,6.9170164430033765
2000,3,0.6,20,20,100,0.6458333333333334,0.7209302325581395,0.1388888888888889,62,10,24,6.785479258003761
4000,3,0.6,10,10,100,0.6458333333333334,0.7209302325581395,0.1388888888888889,62,10,24,6.681859870994231
4000,3,0.6,10,20,25,0.6458333333333334,0.7209302325581395,0.1388888888888889,62,10,24,6.729865713001345
4000,3,0.6,10,20,100,0.6458333333333334,0.7209302325581395,0.1388888888888889,62,10,24,6.890446425997652
4000,3,0.6,20,6,25,0.6458333333333334,0.7209302325581395,0.1388888888888889,62,10,24,6.656804726997507
4000,3,0.6,35,6,25,0.6451612903225806,0.6976744186046512,0.1044776119402985,60,7,26,6.144288012998004
1000,3,0.6,10,6,100,0.6428571428571429,0.7325581395348837,0.16,63,12,23,6.897261341000558
2000,3,0.6,20,6,25,0.6428571428571429,0.7325581395348837,0.16,63,12,23,7.159388789004879
2000,3,0.6,20,6,100,0.6428571428571429,0.7325581395348837,0.16,63,12,23,7.061153470000136
1000,3,0.7,35,10,100,0.6421052631578947,0.7093023255813954,0.12857142857142856,61,9,25,8.301571119998698
2000,3,0.7,35,6,25,0.6421052631578947,0.7093023255813954,0.12857142857142856,61,9,25,7.821635763000813
4000,3,0.6,35,6,100,0.6421052631578947,0.7093023255813954,0.12857142857142856,61,9,25,6.1681698270040215
4000,3,0.6,35,20,100,0.6421052631578947,0.7093023255813954,0.12857142857142856,61,9,25,6.1394656780030346
4000,3,0.7,20,20,100,0.6421052631578947,0.7093023255813954,0.12857142857142856,61,9,25,8.120720204999088
1000,3,0.6,10,10,25,0.6391752577319587,0.7209302325581395,0.1506849315068493,62,11,24,6.7887698609993095
1000,3,0.6,10,10,100,0.6391752577319587,0.7209302325581395,0.1506849315068493,62,11,24,6.941768243006663
1000,3,0.6,10,20,100,0.6391752577319587,0.7209302325581395,0.1506849315068493,62,11,24,6.82851853199827
1000,3,0.6,20,6,25,0.6391752577319587,0.7209302325581395,0.1506849315068493,62,11,24,6.766968347001239
1000,3,0.6,20,10,100,0.6391752577319587,0.7209302325581395,0.1506849315068493,62,11,24,6.628857452000375
1000,3,0.6,20,20,25,0.6391752577319587,0.7209302325581395,0.1506849315068493,62,11,24,6.655272174997663
1000,3,0.7,10,6,25,0.6391752577319587,0.7209302325581395,0.1506849315068493,62,11,24,10.934530751001148
2000,3,0.6,10,10,25,0.6391752577319587,0.7209302325581395,0.1506849315068493,62,11,24,7.587848395000037
2000,3,0.6,10,10,100,0.6391752577319587,0.7209302325581395,0.1506849315068493,62,11,24,7.222556419998
2000,3,0.6,20,10,25,0.6391752577319587,0.7209302325581395,0.1506849315068493,62,11,24,7.245812694003689
4000,3,0.6,20,6,100,0.6391752577319587,0.7209302325581395,0.1506849315068493,62,11,24,6.666660224997031
4000,3,0.6,20,20,100,0.6391752577319587,0.7209302325581395,0.1506849315068493,62,11,24,6.672352923997096
4000,3,0.7,20,10,25,0.6391752577319587,0.7209302325581395,0.1506849315068493,62,11,24,8.106938308999815
1000,3,0.6,35,6,25,0.6382978723404256,0.6976744186046512,0.11764705882352941,60,8,26,6.191996998000832
1000,3,0.6,35,6,100,0.6382978723404256,0.6976744186046512,0.11764705882352941,60,8,26,6.167998165998142
4000,3,0.6,10,6,100,0.6363636363636364,0.7325581395348837,0.17105263157894737,63,13,23,6.870362467998348
1000,3,0.6,20,6,100,0.6354166666666666,0.7093023255813954,0.14084507042253522,61,10,25,6.6987385299944435
1000,3,0.65,20,10,100,0.6354166666666666,0.7093023255813954,0.14084507042253522,61,10,25,7.180677618998743
2000,3,0.6,10,20,100,0.6354166666666666,0.7093023255813954,0.14084507042253522,61,10,25,7.107220407997374
2000,3,0.6,35,10,100,0.6354166666666666,0.7093023255813954,0.14084507042253522,61,10,25,6.455159386001469
2000,3,0.7,10,10,25,0.6354166666666666,0.7093023255813954,0.14084507042253522,61,10,25,9.048549031998846
2000,3,0.7,20,10,25,0.6354166666666666,0.7093023255813954,0.14084507042253522,61,10,25,8.871510224002122
2000,3,0.7,20,10,100,0.6354166666666666,0.7093023255813954,0.14084507042253522,61,10,25,8.798996543002431
4000,3,0.7,10,20,100,0.6354166666666666,0.7093023255813954,0.14084507042253522,61,10,25,8.470847352000419
1000,3,0.6,10,6,25,0.6326530612244898,0.7209302325581395,0.16216216216216217,62,12,24,6.733785563999845
2000,3,0.6,10,6,100,0.6326530612244898,0.7209302325581395,0.16216216216216217,62,12,24,8.044159609999042
4000,3,0.6,10,6,25,0.6326530612244898,0.7209302325581395,0.16216216216216217,62,12,24,6.877799636000418
4000,3,0.6,10,10,25,0.6326530612244898,0.7209302325581395,0.16216216216216217,62,12,24,6.954022963996977
4000,3,0.6,20,10,25,0.6326530612244898,0.7209302325581395,0.16216216216216217,62,12,24,6.6332227410021005
4000,3,0.6,20,10,100,0.6326530612244898,0.7209302325581395,0.16216216216216217,62,12,24,6.649993874001666
1000,3,0.6,35,10,25,0.631578947368421,0.6976744186046512,0.13043478260869565,60,9,26,6.187460587003443
1000,3,0.6,35,20,25,0.631578947368421,0.6976744186046512,0.13043478260869565,60,9,26,6.148269930999959
1000,3,0.65,35,10,25,0.631578947368421,0.6976744186046512,0.13043478260869565,60,9,26,7.473778434003179
1000,3,0.65,35,20,25,0.631578947368421,0.6976744186046512,0.13043478260869565,60,9,26,8.055783780997444
1000,3,0.7,35,10,25,0.631578947368421,0.6976744186046512,0.13043478260869565,60,9,26,8.18859422600508
1000,3,0.7,35,20,25,0.631578947368421,0.6976744186046512,0.13043478260869565,60,9,26,7.309489915998711
2000,3,0.6,35,20,100,0.631578947368421,0.6976744186046512,0.13043478260869565,60,9,26,6.464829937001923
2000,3,0.65,35,20,100,0.631578947368421,0.6976744186046512,0.13043478260869565,60,9,26,6.420547811998404
2000,3,0.7,20,20,25,0.631578947368421,0.6976744186046512,0.13043478260869565,60,9,26,8.87903343999642
2000,3,0.7,35,20,100,0.631578947368421,0.6976744186046512,0.13043478260869565,60,9,26,8.332452609996835
2000,3,0.75,10,20,25,0.631578947368421,0.6976744186046512,0.13043478260869565,60,9,26,11.351035377003427
4000,3,0.65,35,10,25,0.631578947368421,0.6976744186046512,0.13043478260869565,60,9,26,6.3589462589952745
4000,3,0.65,35,10,100,0.631578947368421,0.6976744186046512,0.13043478260869565,60,9,26,6.484792164003011
4000,3,0.7,35,6,100,0.631578947368421,0.6976744186046512,0.13043478260869565,60,9,26,7.288521854999999
4000,3,0.7,35,10,25,0.631578947368421,0.6976744186046512,0.13043478260869565,60,9,26,7.420695087996137
4000,3,0.7,35,10,100,0.631578947368421,0.6976744186046512,0.13043478260869565,60,9,26,7.535750378003286
4000,3,0.7,35,20,100,0.631578947368421,0.6976744186046512,0.13043478260869565,60,9,26,7.299331659000018
4000,3,0.75,10,20,25,0.631578947368421,0.6976744186046512,0.13043478260869565,60,9,26,10.686728685999697
4000,3,0.75,35,20,25,0.631578947368421,0.6976744186046512,0.13043478260869565,60,9,26,12.497443646003376
1000,3,0.6,20,10,25,0.6288659793814433,0.7093023255813954,0.1527777777777778,61,11,25,6.6347206520003965
1000,3,0.65,10,10,25,0.6288659793814433,0.7093023255813954,0.1527777777777778,61,11,25,7.588711923999654
1000,3,0.75,35,6,100,0.6288659793814433,0.7093023255813954,0.1527777777777778,61,11,25,10.491966923000291
2000,3,0.65,10,10,100,0.6288659793814433,0.7093023255813954,0.1527777777777778,61,11,25,8.150326951996249
4000,3,0.7,10,10,25,0.6288659793814433,0.7093023255813954,0.1527777777777778,61,11,25,9.02390485900105
4000,3,0.7,20,6,25,0.6288659793814433,0.7093023255813954,0.1527777777777778,61,11,25,8.50717278799857
1000,3,0.6,35,10,100,0.625,0.6976744186046512,0.14285714285714285,60,10,26,6.210846260997641
1000,3,0.6,35,20,100,0.625,0.6976744186046512,0.14285714285714285,60,10,26,6.175296212000831
1000,3,0.65,20,20,100,0.625,0.6976744186046512,0.14285714285714285,60,10,26,7.357793468996533
1000,3,0.65,35,6,25,0.625,0.6976744186046512,0.14285714285714285,60,10,26,7.389307056997495
1000,3,0.7,20,10,25,0.625,0.6976744186046512,0.14285714285714285,60,10,26,8.876128898002207
1000,3,0.7,20,20,25,0.625,0.6976744186046512,0.14285714285714285,60,10,26,8.593427578001865
2000,3,0.6,35,6,25,0.625,0.6976744186046512,0.14285714285714285,60,10,26,6.628456487000221
2000,3,0.6,35,20,25,0.625,0.6976744186046512,0.14285714285714285,60,10,26,6.53040969799622
2000,3,0.65,10,20,25,0.625,0.6976744186046512,0.14285714285714285,60,10,26,8.187902370998927
2000,3,0.65,10,20,100,0.625,0.6976744186046512,0.14285714285714285,60,10,26,8.3785690529985
2000,3,0.65,20,10,100,0.625,0.6976744186046512,0.14285714285714285,60,10,26,8.350993184998515
2000,3,0.65,20,20,100,0.625,0.6976744186046512,0.14285714285714285,60,10,26,8.043569280001975
2000,3,0.65,35,6,25,0.625,0.6976744186046512,0.14285714285714285,60,10,26,7.92831628699787
2000,3,0.65,35,6,100,0.625,0.6976744186046512,0.14285714285714285,60,10,26,6.568778378001298
2000,3,0.7,10,20,100,0.625,0.6976744186046512,0.14285714285714285,60,10,26,9.624818372998561
2000,3,0.7,20,20,100,0.625,0.6976744186046512,0.14285714285714285,60,10,26,9.353771096000855
4000,3,0.6,35,10,25,0.625,0.6976744186046512,0.14285714285714285,60,10,26,6.1575742380009615
4000,3,0.6,35,10,100,0.625,0.6976744186046512,0.14285714285714285,60,10,26,6.181817625001713
4000,3,0.6,35,20,25,0.625,0.6976744186046512,0.14285714285714285,60,10,26,6.1621026799984975
4000,3,0.65,10,20,100,0.625,0.6976744186046512,0.14285714285714285,60,10,26,7.4667870920020505
4000,3,0.65,20,10,25,0.625,0.6976744186046512,0.14285714285714285,60,10,26,7.235672218994296
4000,3,0.65,20,10,100,0.625,0.6976744186046512,0.14285714285714285,60,10,26,7.111882142002287
4000,3,0.65,20,20,100,0.625,0.6976744186046512,0.14285714285714285,60,10,26,7.157809997006552
4000,3,0.75,35,20,100,0.625,0.6976744186046512,0.14285714285714285,60,10,26,12.000670631998219
1000,3,0.65,10,6,25,0.6224489795918368,0.7093023255813954,0.1643835616438356,61,12,25,7.5997157099991455
2000,3,0.6,10,6,25,0.6224489795918368,0.7093023255813954,0.1643835616438356,61,12,25,7.823427105002338
2000,3,0.6,20,10,100,0.6224489795918368,0.7093023255813954,0.1643835616438356,61,12,25,7.086702870998124
2000,3,0.7,20,6,100,0.6224489795918368,0.7093023255813954,0.1643835616438356,61,12,25,8.708378438001091
4000,3,0.7,20,6,100,0.6224489795918368,0.7093023255813954,0.1643835616438356,61,12,25,8.173620770998241
1000,3,0.65,35,6,100,0.6210526315789474,0.686046511627907,0.1323529411764706,59,9,27,7.049408979997679
1000,3,0.65,35,10,100,0.6210526315789474,0.686046511627907,0.1323529411764706,59,9,27,8.445805266004754
1000,3,0.65,35,20,100,0.6210526315789474,0.686046511627907,0.1323529411764706,59,9,27,8.978432752002846
1000,3,0.7,35,20,100,0.6210526315789474,0.686046511627907,0.1323529411764706,59,9,27,7.444389406002301
1000,3,0.75,20,20,100,0.6210526315789474,0.686046511627907,0.1323529411764706,59,9,27,11.62634263599466
2000,3,0.65,35,10,25,0.6210526315789474,0.686046511627907,0.1323529411764706,59,9,27,6.584044190996792
2000,3,0.65,35,10,100,0.6210526315789474,0.686046511627907,0.1323529411764706,59,9,27,6.403885446998174
2000,3,0.65,35,20,25,0.6210526315789474,0.686046511627907,0.1323529411764706,59,9,27,6.420773136997013
2000,3,0.7,35,10,25,0.6210526315789474,0.686046511627907,0.1323529411764706,59,9,27,7.741125876993465
2000,3,0.7,35,10,100,0.6210526315789474,0.686046511627907,0.1323529411764706,59,9,27,8.279265723002027
4000,3,0.65,35,20,25,0.6210526315789474,0.686046511627907,0.1323529411764706,59,9,27,6.329559083002096
4000,3,0.65,35,20,100,0.6210526315789474,0.686046511627907,0.1323529411764706,59,9,27,6.378998555999715
4000,3,0.7,10,20,25,0.6210526315789474,0.686046511627907,0.1323529411764706,59,9,27,8.329508770999382
1000,3,0.65,10,10,100,0.6185567010309279,0.6976744186046512,0.15492957746478872,60,11,26,7.534889512004156
1000,3,0.65,10,20,25,0.6185567010309279,0.6976744186046512,0.15492957746478872,60,11,26,7.5033682889988995
1000,3,0.7,10,10,25,0.6185567010309279,0.6976744186046512,0.15492957746478872,60,11,26,10.237930277995474
1000,3,0.7,10,20,25,0.6185567010309279,0.6976744186046512,0.15492957746478872,60,11,26,11.210072916001081
1000,3,0.7,20,20,100,0.6185567010309279,0.6976744186046512,0.15492957746478872,60,11,26,8.802141931999358
2000,3,0.65,20,6,25,0.6185567010309279,0.6976744186046512,0.15492957746478872,60,11,26,9.130818748999445
2000,3,0.65,20,6,100,0.6185567010309279,0.6976744186046512,0.15492957746478872,60,11,26,8.404090324998833
2000,3,0.65,20,20,25,0.6185567010309279,0.6976744186046512,0.15492957746478872,60,11,26,8.194333674000518
2000,3,0.7,10,6,25,0.6185567010309279,0.6976744186046512,0.15492957746478872,60,11,26,9.378122966001683
2000,3,0.7,35,6,100,0.6185567010309279,0.6976744186046512,0.15492957746478872,60,11,26,8.177091039004154
2000,3,0.75,10,20,100,0.6185567010309279,0.6976744186046512,0.15492957746478872,60,11,26,11.634454658000323
4000,3,0.65,10,10,100,0.6185567010309279,0.6976744186046512,0.15492957746478872,60,11,26,7.549393489003705
4000,3,0.65,20,6,25,0.6185567010309279,0.6976744186046512,0.15492957746478872,60,11,26,7.299897901000804
4000,3,0.65,20,6,100,0.6185567010309279,0.6976744186046512,0.15492957746478872,60,11,26,7.330770327003847
4000,3,0.7,10,6,100,0.6185567010309279,0.6976744186046512,0.15492957746478872,60,11,26,8.599033329999656
4000,3,0.7,20,10,100,0.6185567010309279,0.6976744186046512,0.15492957746478872,60,11,26,8.229120183001214
4000,3,0.75,20,20,100,0.6185567010309279,0.6976744186046512,0.15492957746478872,60,11,26,10.141949837001448
4000,3,0.75,35,10,25,0.6185567010309279,0.6976744186046512,0.15492957746478872,60,11,26,12.0252381639948
1000,3,0.65,10,20,100,0.6145833333333334,0.686046511627907,0.14492753623188406,59,10,27,7.525479529998847
1000,3,0.65,20,20,25,0.6145833333333334,0.686046511627907,0.14492753623188406,59,10,27,7.298398910999822
1000,3,0.75,20,20,25,0.6145833333333334,0.686046511627907,0.14492753623188406,59,10,27,12.251423721005267
1000,3,0.75,35,20,100,0.6145833333333334,0.686046511627907,0.14492753623188406,59,10,27,9.240210363997903
2000,3,0.6,35,10,25,0.6145833333333334,0.686046511627907,0.14492753623188406,59,10,27,6.440560908995394
2000,3,0.7,35,20,25,0.6145833333333334,0.686046511627907,0.14492753623188406,59,10,27,7.774696714004676
2000,3,0.75,35,6,25,0.6145833333333334,0.686046511627907,0.14492753623188406,59,10,27,9.676224192997324
2000,3,0.75,35,20,100,0.6145833333333334,0.686046511627907,0.14492753623188406,59,10,27,9.614483997997013
4000,3,0.65,10,20,25,0.6145833333333334,0.686046511627907,0.14492753623188406,59,10,27,7.635682480999094
4000,3,0.65,35,6,100,0.6145833333333334,0.686046511627907,0.14492753623188406,59,10,27,6.334127984002407
4000,3,0.7,35,6,25,0.6145833333333334,0.686046511627907,0.14492753623188406,59,10,27,7.226797358001932
1000,3,0.7,10,6,100,0.6122448979591837,0.6976744186046512,0.16666666666666666,60,12,26,10.674304713997117
1000,3,0.7,20,6,100,0.6122448979591837,0.6976744186046512,0.16666666666666666,60,12,26,9.329972669002018
1000,3,0.7,20,10,100,0.6122448979591837,0.6976744186046512,0.16666666666666666,60,12,26,9.548704009997891
1000,3,0.75,20,6,25,0.6122448979591837,0.6976744186046512,0.16666666666666666,60,12,26,13.330709182999271
2000,3,0.65,10,6,25,0.6122448979591837,0.6976744186046512,0.16666666666666666,60,12,26,8.904288598998392
2000,3,0.65,10,6,100,0.6122448979591837,0.6976744186046512,0.16666666666666666,60,12,26,8.064190223994956
2000,3,0.7,10,10,100,0.6122448979591837,0.6976744186046512,0.16666666666666666,60,12,26,9.004073242998857
4000,3,0.65,10,6,25,0.6122448979591837,0.6976744186046512,0.16666666666666666,60,12,26,7.4813772269990295
4000,6,0.6,35,10,25,0.6105263157894737,0.6744186046511628,0.13432835820895522,58,9,28,19.319640568995965
1000,3,0.65,20,6,100,0.6082474226804123,0.686046511627907,0.15714285714285714,59,11,27,7.217384672003391
1000,3,0.65,20,10,25,0.6082474226804123,0.686046511627907,0.15714285714285714,59,11,27,7.385531886997342
1000,3,0.75,35,20,25,0.6082474226804123,0.686046511627907,0.15714285714285714,59,11,27,11.478979366002022
2000,3,0.6,35,6,100,0.6082474226804123,0.686046511627907,0.15714285714285714,59,11,27,6.455739874996652
2000,3,0.65,10,10,25,0.6082474226804123,0.686046511627907,0.15714285714285714,59,11,27,8.194268330997147
2000,3,0.75,35,10,100,0.6082474226804123,0.686046511627907,0.15714285714285714,59,11,27,9.317235887996503
4000,3,0.65,10,10,25,0.6082474226804123,0.686046511627907,0.15714285714285714,59,11,27,7.499081898997247
4000,3,0.65,20,20,25,0.6082474226804123,0.686046511627907,0.15714285714285714,59,11,27,7.342386500997236
4000,3,0.7,20,20,25,0.6082474226804123,0.686046511627907,0.15714285714285714,59,11,27,7.869037665994256
4000,3,0.75,35,6,25,0.6082474226804123,0.686046511627907,0.15714285714285714,59,11,27,8.7663929679984
4000,3,0.75,35,10,100,0.6082474226804123,0.686046511627907,0.15714285714285714,59,11,27,11.987063919994398
2000,3,0.7,20,6,25,0.6060606060606061,0.6976744186046512,0.1780821917808219,60,13,26,9.346107999001106
4000,3,0.7,10,6,25,0.6060606060606061,0.6976744186046512,0.1780821917808219,60,13,26,8.696776261000196
4000,3,0.75,10,10,100,0.6060606060606061,0.6976744186046512,0.1780821917808219,60,13,26,9.898619178995432
1000,3,0.65,20,6,25,0.6041666666666666,0.6744186046511628,0.14705882352941177,58,10,28,7.219924665005237
2000,3,0.75,35,10,25,0.6041666666666666,0.6744186046511628,0.14705882352941177,58,10,28,9.444706141999632
2000,4,0.6,20,6,100,0.6041666666666666,0.6744186046511628,0.14705882352941177,58,10,28,11.71638544700545
4000,3,0.65,35,6,25,0.6041666666666666,0.6744186046511628,0.14705882352941177,58,10,28,6.403088029001083
4000,6,0.6,35,6,100,0.6041666666666666,0.6744186046511628,0.14705882352941177,58,10,28,20.62361813699681
1000,3,0.7,10,10,100,0.6020408163265306,0.686046511627907,0.16901408450704225,59,12,27,10.50525887600088
1000,3,0.7,10,20,100,0.6020408163265306,0.686046511627907,0.16901408450704225,59,12,27,10.429272633999062
2000,3,0.7,10,6,100,0.6020408163265306,0.686046511627907,0.16901408450704225,59,12,27,9.667123833001824
2000,3,0.75,10,6,25,0.6020408163265306,0.686046511627907,0.16901408450704225,59,12,27,10.370823689001554
4000,3,0.65,10,6,100,0.6020408163265306,0.686046511627907,0.16901408450704225,59,12,27,7.559733713998867
4000,3,0.75,35,6,100,0.6020408163265306,0.686046511627907,0.16901408450704225,59,12,27,12.042926873000397
1000,3,0.75,10,10,100,0.6,0.6976744186046512,0.1891891891891892,60,14,26,11.27772693499719
1000,3,0.75,10,20,25,0.5979381443298969,0.6744186046511628,0.15942028985507245,58,11,28,11.217349632002879
1000,6,0.6,35,10,100,0.5979381443298969,0.6744186046511628,0.15942028985507245,58,11,28,15.775907957002346
2000,3,0.65,20,10,25,0.5979381443298969,0.6744186046511628,0.15942028985507245,58,11,28,8.67179211400071
2000,3,0.75,35,6,100,0.5979381443298969,0.6744186046511628,0.15942028985507245,58,11,28,9.59396944600303
1000,3,0.65,10,6,100,0.5959595959595959,0.686046511627907,0.18055555555555555,59,13,27,7.489390436996473
1000,3,0.7,20,6,25,0.5959595959595959,0.686046511627907,0.18055555555555555,59,13,27,10.289499236001575
1000,3,0.75,10,6,100,0.5959595959595959,0.686046511627907,0.18055555555555555,59,13,27,11.722100044004037
1000,3,0.75,35,6,25,0.5959595959595959,0.686046511627907,0.18055555555555555,59,13,27,9.803943127997627
1000,6,0.7,35,20,100,0.5959595959595959,0.686046511627907,0.18055555555555555,59,13,27,15.61226950299897
4000,3,0.75,20,10,100,0.5959595959595959,0.686046511627907,0.18055555555555555,59,13,27,9.836108863004483
2000,3,0.75,20,20,100,0.59375,0.6627906976744186,0.14925373134328357,57,10,29,10.792829336998693
4000,3,0.75,10,20,100,0.59375,0.6627906976744186,0.14925373134328357,57,10,29,9.849890115001472
4000,4,0.6,35,10,100,0.59375,0.6627906976744186,0.14925373134328357,57,10,29,15.648306676004722
1000,3,0.7,35,6,25,0.5918367346938775,0.6744186046511628,0.17142857142857143,58,12,28,7.770541502002743
1000,3,0.75,10,20,100,0.5918367346938775,0.6744186046511628,0.17142857142857143,58,12,28,12.369252851996862
1000,3,0.75,35,10,25,0.5918367346938775,0.6744186046511628,0.17142857142857143,58,12,28,9.32810215599602
1000,3,0.75,35,10,100,0.5918367346938775,0.6744186046511628,0.17142857142857143,58,12,28,9.822011610995105
1000,4,0.6,35,20,100,0.5918367346938775,0.6744186046511628,0.17142857142857143,58,12,28,10.36279449200083
2000,3,0.75,20,10,25,0.5918367346938775,0.6744186046511628,0.17142857142857143,58,12,28,11.405913539005269
2000,4,0.6,10,10,100,0.5918367346938775,0.6744186046511628,0.17142857142857143,58,12,28,12.631054477998987
2000,4,0.6,20,20,25,0.5918367346938775,0.6744186046511628,0.17142857142857143,58,12,28,12.639421381005377
1000,6,0.6,20,6,100,0.59,0.686046511627907,0.1917808219178082,59,14,27,15.37029027200333
2000,6,0.7,10,20,100,0.59,0.686046511627907,0.1917808219178082,59,14,27,16.674473261999083
4000,6,0.6,20,20,100,0.59,0.686046511627907,0.1917808219178082,59,14,27,20.480143017004593
1000,4,0.6,10,20,25,0.5876288659793815,0.6627906976744186,0.16176470588235295,57,11,29,12.760596326996165
1000,4,0.6,10,20,100,0.5876288659793815,0.6627906976744186,0.16176470588235295,57,11,29,12.134185185997922
1000,4,0.6,20,6,25,0.5876288659793815,0.6627906976744186,0.16176470588235295,57,11,29,11.873022386003868
1000,4,0.6,20,10,100,0.5876288659793815,0.6627906976744186,0.16176470588235295,57,11,29,11.898801764000382
1000,4,0.6,20,20,25,0.5876288659793815,0.6627906976744186,0.16176470588235295,57,11,29,11.755185955000343
1000,4,0.6,20,20,100,0.5876288659793815,0.6627906976744186,0.16176470588235295,57,11,29,11.734664463001536
1000,4,0.6,35,6,25,0.5876288659793815,0.6627906976744186,0.16176470588235295,57,11,29,10.13393051699677
1000,6,0.6,35,6,25,0.5876288659793815,0.6627906976744186,0.16176470588235295,57,11,29,15.587949376000324
1000,6,0.6,35,6,100,0.5876288659793815,0.6627906976744186,0.16176470588235295,57,11,29,15.495718840997142
1000,6,0.6,35,20,25,0.5876288659793815,0.6627906976744186,0.16176470588235295,57,11,29,14.712257822997344
2000,4,0.6,20,10,25,0.5876288659793815,0.6627906976744186,0.16176470588235295,57,11,29,12.147712363999744
2000,4,0.6,35,6,25,0.5876288659793815,0.6627906976744186,0.16176470588235295,57,11,29,10.748841250999249
2000,4,0.6,35,6,100,0.5876288659793815,0.6627906976744186,0.16176470588235295,57,11,29,10.751810289999412
2000,4,0.6,35,10,25,0.5876288659793815,0.6627906976744186,0.16176470588235295,57,11,29,11.448397414998908
2000,4,0.6,35,20,25,0.5876288659793815,0.6627906976744186,0.16176470588235295,57,11,29,10.650810953993641
2000,6,0.6,35,20,100,0.5876288659793815,0.6627906976744186,0.16176470588235295,57,11,29,13.053986539001926
4000,4,0.75,20,10,25,0.5876288659793815,0.6627906976744186,0.16176470588235295,57,11,29,19.198684667004272
1000,6,0.6,10,20,25,0.5858585858585859,0.6744186046511628,0.18309859154929578,58,13,28,16.565848813996126
1000,6,0.6,20,20,100,0.5858585858585859,0.6744186046511628,0.18309859154929578,58,13,28,14.331214910002018
2000,3,0.75,10,10,25,0.5858585858585859,0.6744186046511628,0.18309859154929578,58,13,28,11.282879071004572
4000,3,0.7,10,10,100,0.5858585858585859,0.6744186046511628,0.18309859154929578,58,13,28,8.768998892999662
4000,3,0.75,10,6,25,0.5858585858585859,0.6744186046511628,0.18309859154929578,58,13,28,10.213934581996
4000,4,0.6,10,6,100,0.5858585858585859,0.6744186046511628,0.18309859154929578,58,13,28,17.813432164002734
4000,6,0.6,10,20,25,0.5858585858585859,0.6744186046511628,0.18309859154929578,58,13,28,21.0224102209977
2000,3,0.75,10,10,100,0.5841584158415841,0.686046511627907,0.20270270270270271,59,15,27,11.271683190003387
2000,6,0.7,10,20,25,0.5841584158415841,0.686046511627907,0.20270270270270271,59,15,27,16.38443191400438
2000,6,0.7,35,10,25,0.5841584158415841,0.686046511627907,0.20270270270270271,59,15,27,14.95455437200144
4000,6,0.65,10,20,100,0.5841584158415841,0.686046511627907,0.20270270270270271,59,15,27,21.90112574199884
4000,4,0.6,20,6,25,0.5833333333333334,0.6511627906976745,0.15151515151515152,56,10,30,17.029936393999378
1000,3,0.75,10,6,25,0.5816326530612245,0.6627906976744186,0.17391304347826086,57,12,29,11.28488805800589
1000,4,0.6,35,10,100,0.5816326530612245,0.6627906976744186,0.17391304347826086,57,12,29,10.376517329998023
1000,4,0.6,35,20,25,0.5816326530612245,0.6627906976744186,0.17391304347826086,57,12,29,10.319082626003365
1000,4,0.75,10,10,100,0.5816326530612245,0.6627906976744186,0.17391304347826086,57,12,29,15.134912614994391
2000,3,0.75,20,20,25,0.5816326530612245,0.6627906976744186,0.17391304347826086,57,12,29,11.325753172997793
2000,4,0.6,10,20,100,0.5816326530612245,0.6627906976744186,0.17391304347826086,57,12,29,15.541156623999996
2000,4,0.6,20,20,100,0.5816326530612245,0.6627906976744186,0.17391304347826086,57,12,29,13.014595690001443
2000,6,0.6,35,6,25,0.5816326530612245,0.6627906976744186,0.17391304347826086,57,12,29,12.88654197199503
4000,4,0.6,10,20,25,0.5816326530612245,0.6627906976744186,0.17391304347826086,57,12,29,17.857506407999608
4000,4,0.6,20,6,100,0.5816326530612245,0.6627906976744186,0.17391304347826086,57,12,29,18.807768646001932
4000,4,0.6,20,10,25,0.5816326530612245,0.6627906976744186,0.17391304347826086,57,12,29,19.3186860180067
4000,4,0.6,20,20,100,0.5816326530612245,0.6627906976744186,0.17391304347826086,57,12,29,17.62578898799984
4000,4,0.6,35,6,25,0.5816326530612245,0.6627906976744186,0.17391304347826086,57,12,29,15.293953861000773
4000,4,0.6,35,6,100,0.5816326530612245,0.6627906976744186,0.17391304347826086,57,12,29,15.497424803004833
4000,4,0.6,35,10,25,0.5816326530612245,0.6627906976744186,0.17391304347826086,57,12,29,15.974762760997692
4000,4,0.6,35,20,25,0.5816326530612245,0.6627906976744186,0.17391304347826086,57,12,29,15.023439741002221
4000,4,0.6,35,20,100,0.5816326530612245,0.6627906976744186,0.17391304347826086,57,12,29,15.252889718001825
1000,6,0.7,10,20,25,0.58,0.6744186046511628,0.19444444444444445,58,14,28,17.32780440300121
2000,4,0.6,20,6,25,0.58,0.6744186046511628,0.19444444444444445,58,14,28,12.65091560700239
2000,6,0.7,35,20,25,0.58,0.6744186046511628,0.19444444444444445,58,14,28,14.908291218998784
4000,3,0.75,10,10,25,0.58,0.6744186046511628,0.19444444444444445,58,14,28,9.965300627998658
4000,6,0.6,10,20,100,0.58,0.6744186046511628,0.19444444444444445,58,14,28,20.884380810995935
4000,6,0.6,20,20,25,0.58,0.6744186046511628,0.19444444444444445,58,14,28,20.549255182995694
4000,6,0.7,35,20,100,0.58,0.6744186046511628,0.19444444444444445,58,14,28,22.01521602900175
2000,3,0.75,20,6,25,0.5784313725490197,0.686046511627907,0.21333333333333335,59,16,27,12.300811390996387
4000,3,0.75,20,6,100,0.5784313725490197,0.686046511627907,0.21333333333333335,59,16,27,10.073562926001614
2000,3,0.75,35,20,25,0.5773195876288659,0.6511627906976745,0.16417910447761194,56,11,30,9.00614897399646
2000,6,0.6,35,20,25,0.5773195876288659,0.6511627906976745,0.16417910447761194,56,11,30,13.273626421003428
4000,4,0.75,20,20,25,0.5773195876288659,0.6511627906976745,0.16417910447761194,56,11,30,19.275396502998774
4000,6,0.6,35,10,100,0.5773195876288659,0.6511627906976745,0.16417910447761194,56,11,30,19.589153940003598
1000,4,0.6,10,6,25,0.5757575757575758,0.6627906976744186,0.18571428571428572,57,13,29,13.59916123199946
1000,4,0.6,10,10,25,0.5757575757575758,0.6627906976744186,0.18571428571428572,57,13,29,13.756999683995673
1000,4,0.6,10,10,100,0.5757575757575758,0.6627906976744186,0.18571428571428572,57,13,29,11.895073465995665
1000,4,0.6,35,6,100,0.5757575757575758,0.6627906976744186,0.18571428571428572,57,13,29,10.278155166000943
2000,4,0.6,10,6,25,0.5757575757575758,0.6627906976744186,0.18571428571428572,57,13,29,13.037391956997453
2000,4,0.6,10,6,100,0.5757575757575758,0.6627906976744186,0.18571428571428572,57,13,29,13.25325694300409
2000,4,0.6,10,10,25,0.5757575757575758,0.6627906976744186,0.18571428571428572,57,13,29,12.877705733000766
2000,4,0.6,35,10,100,0.5757575757575758,0.6627906976744186,0.18571428571428572,57,13,29,10.914678064000327
2000,6,0.7,35,20,100,0.5757575757575758,0.6627906976744186,0.18571428571428572,57,13,29,15.191779552995285
4000,4,0.6,10,10,25,0.5757575757575758,0.6627906976744186,0.18571428571428572,57,13,29,17.602358743999503
4000,4,0.6,20,10,100,0.5757575757575758,0.6627906976744186,0.18571428571428572,57,13,29,17.36048126300011
4000,6,0.6,35,20,100,0.5757575757575758,0.6627906976744186,0.18571428571428572,57,13,29,19.713347319004242
1000,3,0.75,20,6,100,0.5742574257425742,0.6744186046511628,0.2054794520547945,58,15,28,11.362300151995441
2000,3,0.75,20,6,100,0.5742574257425742,0.6744186046511628,0.2054794520547945,58,15,28,11.137858346002758
2000,6,0.6,20,6,100,0.5742574257425742,0.6744186046511628,0.2054794520547945,58,15,28,13.690657267994538
2000,6,0.6,20,10,100,0.5742574257425742,0.6744186046511628,0.2054794520547945,58,15,28,14.073826667998219
2000,6,0.7,20,20,100,0.5742574257425742,0.6744186046511628,0.2054794520547945,58,15,28,15.779851393999706
4000,3,0.75,20,6,25,0.5742574257425742,0.6744186046511628,0.2054794520547945,58,15,28,9.937918376002926
4000,3,0.75,20,10,25,0.5742574257425742,0.6744186046511628,0.2054794520547945,58,15,28,9.311459065997042
4000,4,0.75,35,20,100,0.5729166666666666,0.6395348837209303,0.15384615384615385,55,10,31,17.816251591000764
1000,6,0.6,10,10,100,0.5728155339805825,0.686046511627907,0.2236842105263158,59,17,27,16.802399676002096
4000,6,0.65,20,20,100,0.5728155339805825,0.686046511627907,0.2236842105263158,59,17,27,22.05898798799899
1000,4,0.6,20,6,100,0.5714285714285714,0.6511627906976745,0.17647058823529413,56,12,30,12.023958614001458
1000,4,0.6,20,10,25,0.5714285714285714,0.6511627906976745,0.17647058823529413,56,12,30,11.897254231000261
1000,4,0.75,35,10,100,0.5714285714285714,0.6511627906976745,0.17647058823529413,56,12,30,14.006969292997383
1000,6,0.6,35,20,100,0.5714285714285714,0.6511627906976745,0.17647058823529413,56,12,30,14.993938010004058
2000,4,0.6,20,10,100,0.5714285714285714,0.6511627906976745,0.17647058823529413,56,12,30,12.8636508769996
2000,4,0.75,10,10,100,0.5714285714285714,0.6511627906976745,0.17647058823529413,56,12,30,12.68445477700152
4000,3,0.75,20,20,25,0.5714285714285714,0.6511627906976745,0.17647058823529413,56,12,30,10.019188566999219
4000,4,0.6,20,20,25,0.5714285714285714,0.6511627906976745,0.17647058823529413,56,12,30,18.340209826004866
4000,6,0.6,35,6,25,0.5714285714285714,0.6511627906976745,0.17647058823529413,56,12,30,19.639549166997313
4000,6,0.6,35,20,25,0.5714285714285714,0.6511627906976745,0.17647058823529413,56,12,30,19.754678295001213
1000,3,0.75,20,10,100,0.57,0.6627906976744186,0.19718309859154928,57,14,29,11.260679156999686
1000,4,0.6,10,6,100,0.57,0.6627906976744186,0.19718309859154928,57,14,29,13.08855659400433
1000,6,0.6,20,10,25,0.57,0.6627906976744186,0.19718309859154928,57,14,29,17.452462264998758
2000,4,0.6,35,20,100,0.57,0.6627906976744186,0.19718309859154928,57,14,29,10.763407834005193
2000,6,0.6,10,20,100,0.57,0.6627906976744186,0.19718309859154928,57,14,29,14.899471312994137
2000,6,0.6,20,20,25,0.57,0.6627906976744186,0.19718309859154928,57,14,29,14.1156692700024
4000,3,0.75,10,6,100,0.57,0.6627906976744186,0.19718309859154928,57,14,29,10.490946306999831
4000,4,0.6,10,6,25,0.57,0.6627906976744186,0.19718309859154928,57,14,29,17.420955164001498
4000,6,0.7,35,20,25,0.57,0.6627906976744186,0.19718309859154928,57,14,29,22.229502011003206
1000,6,0.65,10,20,25,0.5686274509803921,0.6744186046511628,0.21621621621621623,58,16,28,17.545274014002644
2000,3,0.75,20,10,100,0.5686274509803921,0.6744186046511628,0.21621621621621623,58,16,28,10.94295688800048
1000,6,0.6,10,6,25,0.5673076923076923,0.686046511627907,0.23376623376623376,59,18,27,17.127955064999696
1000,6,0.6,10,6,100,0.5673076923076923,0.686046511627907,0.23376623376623376,59,18,27,15.669402851999621
2000,6,0.6,10,10,25,0.5673076923076923,0.686046511627907,0.23376623376623376,59,18,27,14.700476624006114
1000,4,0.6,35,10,25,0.5670103092783505,0.6395348837209303,0.16666666666666666,55,11,31,10.38948722799978
4000,4,0.75,35,6,25,0.5670103092783505,0.6395348837209303,0.16666666666666666,55,11,31,18.46493438500329
1000,4,0.75,10,6,25,0.5656565656565656,0.6511627906976745,0.18840579710144928,56,13,30,14.344118225002603
1000,6,0.6,10,20,100,0.5656565656565656,0.6511627906976745,0.18840579710144928,56,13,30,17.051114095003868
2000,4,0.75,35,10,25,0.5656565656565656,0.6511627906976745,0.18840579710144928,56,13,30,12.187463927999488
2000,6,0.6,20,20,100,0.5656565656565656,0.6511627906976745,0.18840579710144928,56,13,30,13.725808068993501
2000,6,0.6,35,6,100,0.5656565656565656,0.6511627906976745,0.18840579710144928,56,13,30,13.035033189000387
4000,4,0.6,10,10,100,0.5656565656565656,0.6511627906976745,0.18840579710144928,56,13,30,17.616330136996112
1000,6,0.6,20,10,100,0.5643564356435643,0.6627906976744186,0.20833333333333334,57,15,29,17.210323139996035
1000,6,0.65,35,20,25,0.5643564356435643,0.6627906976744186,0.20833333333333334,57,15,29,15.053341612001532
1000,6,0.7,20,20,25,0.5643564356435643,0.6627906976744186,0.20833333333333334,57,15,29,16.47034987499501
2000,3,0.75,10,6,100,0.5643564356435643,0.6627906976744186,0.20833333333333334,57,15,29,10.651681845003623
2000,6,0.6,35,10,100,0.5643564356435643,0.6627906976744186,0.20833333333333334,57,15,29,12.58417373499833
4000,6,0.7,10,20,25,0.5643564356435643,0.6627906976744186,0.20833333333333334,57,15,29,23.61389093300386
1000,6,0.7,35,10,100,0.5631067961165048,0.6744186046511628,0.22666666666666666,58,17,28,15.991130666996469
4000,6,0.6,10,10,100,0.5631067961165048,0.6744186046511628,0.22666666666666666,58,17,28,21.552623028001108
4000,6,0.6,20,10,25,0.5631067961165048,0.6744186046511628,0.22666666666666666,58,17,28,20.570135515998118
4000,6,0.7,20,20,25,0.5631067961165048,0.6744186046511628,0.22666666666666666,58,17,28,23.00941821399465
2000,6,0.7,10,6,100,0.5619047619047619,0.686046511627907,0.24358974358974358,59,19,27,15.994292008996126
2000,6,0.7,35,10,100,0.5619047619047619,0.686046511627907,0.24358974358974358,59,19,27,15.009645330996136
1000,4,0.65,35,20,100,0.5612244897959183,0.6395348837209303,0.1791044776119403,55,12,31,12.071080510999309
1000,4,0.75,35,6,100,0.5612244897959183,0.6395348837209303,0.1791044776119403,55,12,31,15.5332445630047
4000,4,0.65,10,20,25,0.5612244897959183,0.6395348837209303,0.1791044776119403,55,12,31,17.429946821997873
4000,4,0.75,20,10,100,0.5612244897959183,0.6395348837209303,0.1791044776119403,55,12,31,18.510337740997784
2000,6,0.65,20,20,100,0.56,0.6511627906976745,0.2,56,14,30,14.558131967998634
4000,4,0.65,35,20,25,0.56,0.6511627906976745,0.2,56,14,30,16.471221921994584
2000,6,0.65,10,20,100,0.5588235294117647,0.6627906976744186,0.2191780821917808,57,16,29,14.698792020004475
2000,6,0.65,35,20,25,0.5588235294117647,0.6627906976744186,0.2191780821917808,57,16,29,13.633104827000352
4000,6,0.6,20,6,25,0.5588235294117647,0.6627906976744186,0.2191780821917808,57,16,29,20.746251174001372
4000,6,0.65,10,20,25,0.5588235294117647,0.6627906976744186,0.2191780821917808,57,16,29,22.406839559997024
1000,3,0.75,10,10,25,0.5576923076923077,0.6744186046511628,0.23684210526315788,58,18,28,11.401953234002576
1000,6,0.6,10,10,25,0.5576923076923077,0.6744186046511628,0.23684210526315788,58,18,28,15.518622520001372
1000,6,0.6,20,6,25,0.5576923076923077,0.6744186046511628,0.23684210526315788,58,18,28,16.475880031997804
1000,6,0.7,20,10,25,0.5576923076923077,0.6744186046511628,0.23684210526315788,58,18,28,16.298898941000516
2000,6,0.7,10,6,25,0.5576923076923077,0.6744186046511628,0.23684210526315788,58,18,28,16.19653232300334
2000,6,0.7,20,20,25,0.5576923076923077,0.6744186046511628,0.23684210526315788,58,18,28,15.254396545002237
1000,4,0.75,35,6,25,0.5567010309278351,0.627906976744186,0.16923076923076924,54,11,32,14.285040527996898
2000,6,0.7,20,10,25,0.5566037735849056,0.686046511627907,0.25316455696202533,59,20,27,16.459436671997537
4000,6,0.65,20,6,25,0.5566037735849056,0.686046511627907,0.25316455696202533,59,20,27,21.20625709700107
4000,6,0.7,10,6,25,0.5566037735849056,0.686046511627907,0.25316455696202533,59,20,27,23.792399928999657
1000,4,0.65,10,20,100,0.5555555555555556,0.6395348837209303,0.19117647058823528,55,13,31,13.199051805000636
1000,4,0.65,35,10,100,0.5555555555555556,0.6395348837209303,0.19117647058823528,55,13,31,11.936666923000303
1000,6,0.6,35,10,25,0.5555555555555556,0.6395348837209303,0.19117647058823528,55,13,31,14.657287310998072
2000,4,0.6,10,20,25,0.5555555555555556,0.6395348837209303,0.19117647058823528,55,13,31,13.69968623299792
2000,4,0.65,20,20,100,0.5555555555555556,0.6395348837209303,0.19117647058823528,55,13,31,12.935188939998625
2000,4,0.65,35,20,100,0.5555555555555556,0.6395348837209303,0.19117647058823528,55,13,31,11.726287710000179
2000,4,0.75,35,20,100,0.5555555555555556,0.6395348837209303,0.19117647058823528,55,13,31,12.077445499999158
2000,6,0.6,10,20,25,0.5555555555555556,0.6395348837209303,0.19117647058823528,55,13,31,14.794402812003682
2000,6,0.6,35,10,25,0.5555555555555556,0.6395348837209303,0.19117647058823528,55,13,31,12.88155530700169
4000,4,0.65,10,20,100,0.5555555555555556,0.6395348837209303,0.19117647058823528,55,13,31,17.79407913400064
4000,4,0.65,20,20,25,0.5555555555555556,0.6395348837209303,0.19117647058823528,55,13,31,17.3855385939969
4000,4,0.75,10,10,100,0.5555555555555556,0.6395348837209303,0.19117647058823528,55,13,31,20.135361319997173
1000,3,0.75,20,10,25,0.5544554455445545,0.6511627906976745,0.2112676056338028,56,15,30,10.85735507800564
1000,4,0.75,35,10,25,0.5544554455445545,0.6511627906976745,0.2112676056338028,56,15,30,14.203204967998317
1000,6,0.65,20,20,25,0.5544554455445545,0.6511627906976745,0.2112676056338028,56,15,30,16.673478272001375
1000,6,0.7,10,20,100,0.5544554455445545,0.6511627906976745,0.2112676056338028,56,15,30,16.823851141001796
1000,6,0.7,35,20,25,0.5544554455445545,0.6511627906976745,0.2112676056338028,56,15,30,15.900579073997505
2000,6,0.6,20,6,25,0.5544554455445545,0.6511627906976745,0.2112676056338028,56,15,30,13.923656576997018
1000,6,0.65,35,10,25,0.5533980582524272,0.6627906976744186,0.22972972972972974,57,17,29,14.909029233000183
2000,6,0.6,10,6,25,0.5533980582524272,0.6627906976744186,0.22972972972972974,57,17,29,14.294541516996105
2000,6,0.65,35,20,100,0.5533980582524272,0.6627906976744186,0.22972972972972974,57,17,29,14.11802789500507
4000,6,0.6,10,10,25,0.5533980582524272,0.6627906976744186,0.22972972972972974,57,17,29,21.857022768002935
1000,6,0.7,10,10,100,0.5523809523809524,0.6744186046511628,0.24675324675324675,58,19,28,16.178915847005555
2000,6,0.65,10,6,25,0.5523809523809524,0.6744186046511628,0.24675324675324675,58,19,28,15.025918800994987
2000,6,0.65,20,6,100,0.5514018691588785,0.686046511627907,0.2625,59,21,27,14.528698100002657
1000,4,0.65,10,20,25,0.55,0.6395348837209303,0.2028985507246377,55,14,31,12.675458436002373
1000,4,0.65,35,10,25,0.55,0.6395348837209303,0.2028985507246377,55,14,31,12.531055015002494
2000,4,0.65,10,20,100,0.55,0.6395348837209303,0.2028985507246377,55,14,31,13.25474789999862
2000,4,0.65,35,20,25,0.55,0.6395348837209303,0.2028985507246377,55,14,31,11.39270620699972
2000,4,0.75,10,20,25,0.55,0.6395348837209303,0.2028985507246377,55,14,31,13.096733979000419
4000,4,0.65,20,20,100,0.55,0.6395348837209303,0.2028985507246377,55,14,31,17.484628538994002
4000,4,0.65,35,6,25,0.55,0.6395348837209303,0.2028985507246377,55,14,31,16.166534309995768
4000,4,0.65,35,10,25,0.55,0.6395348837209303,0.2028985507246377,55,14,31,16.449548181000864
4000,4,0.7,20,10,25,0.55,0.6395348837209303,0.2028985507246377,55,14,31,19.418433748003736
1000,6,0.65,10,20,100,0.5490196078431373,0.6511627906976745,0.2222222222222222,56,16,30,16.61774659599905
1000,6,0.65,10,6,25,0.5480769230769231,0.6627906976744186,0.24,57,18,29,16.988944090997393
1000,6,0.7,20,6,25,0.5480769230769231,0.6627906976744186,0.24,57,18,29,16.522262174999923
1000,6,0.7,35,6,25,0.5480769230769231,0.6627906976744186,0.24,57,18,29,16.013974617002532
2000,6,0.6,20,10,25,0.5480769230769231,0.6627906976744186,0.24,57,18,29,13.797958310002286
2000,6,0.65,35,10,25,0.5480769230769231,0.6627906976744186,0.24,57,18,29,13.718983806000324
2000,6,0.65,35,10,100,0.5480769230769231,0.6627906976744186,0.24,57,18,29,13.763070216002234
4000,6,0.7,35,10,25,0.5480769230769231,0.6627906976744186,0.24,57,18,29,22.957714545998897
4000,6,0.7,35,10,100,0.5480769230769231,0.6627906976744186,0.24,57,18,29,22.8932409629997
2000,6,0.7,10,10,25,0.5471698113207547,0.6744186046511628,0.2564102564102564,58,20,28,16.439374979003333
4000,6,0.7,10,10,100,0.5471698113207547,0.6744186046511628,0.2564102564102564,58,20,28,24.840706024006067
4000,6,0.7,35,6,25,0.5471698113207547,0.6744186046511628,0.2564102564102564,58,20,28,22.944094477999897
1000,6,0.7,10,6,100,0.5462962962962963,0.686046511627907,0.2716049382716049,59,22,27,16.8573526830005
1000,4,0.65,35,20,25,0.5454545454545454,0.627906976744186,0.19402985074626866,54,13,32,11.938138470999547
1000,4,0.75,10,20,25,0.5454545454545454,0.627906976744186,0.19402985074626866,54,13,32,14.58406797600037
1000,4,0.75,10,20,100,0.5454545454545454,0.627906976744186,0.19402985074626866,54,13,32,14.413185308003449
1000,4,0.75,20,20,100,0.5454545454545454,0.627906976744186,0.19402985074626866,54,13,32,13.985063059000822
2000,4,0.75,20,20,100,0.5454545454545454,0.627906976744186,0.19402985074626866,54,13,32,12.643443753004249
4000,4,0.6,10,20,100,0.5454545454545454,0.627906976744186,0.19402985074626866,54,13,32,17.332613504993788
4000,4,0.65,35,20,100,0.5454545454545454,0.627906976744186,0.19402985074626866,54,13,32,16.79020413100079
4000,4,0.7,20,20,25,0.5454545454545454,0.627906976744186,0.19402985074626866,54,13,32,18.982227066000632
4000,4,0.75,35,10,100,0.5454545454545454,0.627906976744186,0.19402985074626866,54,13,32,18.561750923996442
1000,4,0.65,35,6,100,0.5445544554455446,0.6395348837209303,0.21428571428571427,55,15,31,12.486696638996364
1000,4,0.75,10,6,100,0.5445544554455446,0.6395348837209303,0.21428571428571427,55,15,31,14.971502832995611
1000,4,0.75,20,10,25,0.5445544554455446,0.6395348837209303,0.21428571428571427,55,15,31,14.94667696399847
1000,4,0.75,35,20,25,0.5445544554455446,0.6395348837209303,0.21428571428571427,55,15,31,13.689810001000296
1000,6,0.6,20,20,25,0.5445544554455446,0.6395348837209303,0.21428571428571427,55,15,31,14.460760170004505
2000,4,0.65,20,10,25,0.5445544554455446,0.6395348837209303,0.21428571428571427,55,15,31,11.680273605001275
2000,4,0.65,35,6,25,0.5445544554455446,0.6395348837209303,0.21428571428571427,55,15,31,12.102006150002126
2000,4,0.65,35,10,25,0.5445544554455446,0.6395348837209303,0.21428571428571427,55,15,31,11.79097003700008
2000,4,0.65,35,10,100,0.5445544554455446,0.6395348837209303,0.21428571428571427,55,15,31,11.417258347995812
2000,4,0.75,20,10,25,0.5445544554455446,0.6395348837209303,0.21428571428571427,55,15,31,12.803117112998734
2000,4,0.75,20,20,25,0.5445544554455446,0.6395348837209303,0.21428571428571427,55,15,31,12.713545941005577
4000,4,0.65,10,10,25,0.5445544554455446,0.6395348837209303,0.21428571428571427,55,15,31,17.90921408599388
4000,4,0.75,20,6,25,0.5445544554455446,0.6395348837209303,0.21428571428571427,55,15,31,19.319616057997337
1000,6,0.7,35,10,25,0.5436893203883495,0.6511627906976745,0.2328767123287671,56,17,30,15.413430418004282
2000,6,0.6,10,6,100,0.5436893203883495,0.6511627906976745,0.2328767123287671,56,17,30,14.029150310998375
2000,6,0.65,35,6,25,0.5436893203883495,0.6511627906976745,0.2328767123287671,56,17,30,13.705488364001212
4000,6,0.6,10,6,100,0.5436893203883495,0.6511627906976745,0.2328767123287671,56,17,30,20.982033580999996
4000,6,0.7,10,20,100,0.5436893203883495,0.6511627906976745,0.2328767123287671,56,17,30,24.04063922700152
4000,6,0.7,20,20,100,0.5436893203883495,0.6511627906976745,0.2328767123287671,56,17,30,23.311627759998373
1000,6,0.65,20,6,100,0.5428571428571428,0.6627906976744186,0.25,57,19,29,16.534131725995394
1000,6,0.65,20,10,25,0.5428571428571428,0.6627906976744186,0.25,57,19,29,16.221520797000267
1000,6,0.7,35,6,100,0.5428571428571428,0.6627906976744186,0.25,57,19,29,15.858432526998513
2000,6,0.6,10,10,100,0.5428571428571428,0.6627906976744186,0.25,57,19,29,14.072111707995646
2000,6,0.65,35,6,100,0.5428571428571428,0.6627906976744186,0.25,57,19,29,13.787724567999248
4000,6,0.6,20,10,100,0.5428571428571428,0.6627906976744186,0.25,57,19,29,20.584758138000325
1000,6,0.65,20,6,25,0.5420560747663551,0.6744186046511628,0.26582278481012656,58,21,28,15.908632642996963
1000,6,0.65,20,10,100,0.5420560747663551,0.6744186046511628,0.26582278481012656,58,21,28,16.686875292994955
4000,6,0.65,10,6,25,0.5420560747663551,0.6744186046511628,0.26582278481012656,58,21,28,22.050106759998016
1000,6,0.7,10,6,25,0.5412844036697247,0.686046511627907,0.2804878048780488,59,23,27,17.328214363995357
1000,4,0.65,20,20,25,0.54,0.627906976744186,0.20588235294117646,54,14,32,14.12098898900149
1000,4,0.65,20,20,100,0.54,0.627906976744186,0.20588235294117646,54,14,32,13.777400918996136
1000,4,0.7,10,20,25,0.54,0.627906976744186,0.20588235294117646,54,14,32,13.87865543600492
4000,4,0.7,35,10,25,0.54,0.627906976744186,0.20588235294117646,54,14,32,17.796822563002934
4000,4,0.7,35,20,25,0.54,0.627906976744186,0.20588235294117646,54,14,32,18.126634731001104
1000,4,0.65,20,10,25,0.5392156862745098,0.6395348837209303,0.22535211267605634,55,16,31,13.061800802999642
1000,6,0.7,20,20,100,0.5392156862745098,0.6395348837209303,0.22535211267605634,55,16,31,16.325638167996658
2000,4,0.7,35,10,25,0.5392156862745098,0.6395348837209303,0.22535211267605634,55,16,31,12.56809058899671
4000,4,0.65,35,6,100,0.5392156862745098,0.6395348837209303,0.22535211267605634,55,16,31,16.297350256005302
4000,6,0.6,20,6,100,0.5392156862745098,0.6395348837209303,0.22535211267605634,55,16,31,20.830213442000968
4000,6,0.65,35,20,25,0.5392156862745098,0.6395348837209303,0.22535211267605634,55,16,31,20.73330786600127
1000,4,0.65,10,6,25,0.5384615384615384,0.6511627906976745,0.24324324324324326,56,18,30,11.882879766002588
1000,6,0.65,20,20,100,0.5384615384615384,0.6511627906976745,0.24324324324324326,56,18,30,16.260676569996576
1000,6,0.65,35,6,100,0.5384615384615384,0.6511627906976745,0.24324324324324326,56,18,30,15.927802911995968
2000,4,0.65,10,10,100,0.5384615384615384,0.6511627906976745,0.24324324324324326,56,18,30,13.338342638999166
2000,6,0.65,10,20,25,0.5384615384615384,0.6511627906976745,0.24324324324324326,56,18,30,14.918320449003659
2000,6,0.65,20,20,25,0.5384615384615384,0.6511627906976745,0.24324324324324326,56,18,30,14.069009945997095
2000,6,0.7,35,6,100,0.5384615384615384,0.6511627906976745,0.24324324324324326,56,18,30,14.862679100995592
4000,6,0.6,10,6,25,0.5384615384615384,0.6511627906976745,0.24324324324324326,56,18,30,20.748798751999857
4000,6,0.65,20,20,25,0.5384615384615384,0.6511627906976745,0.24324324324324326,56,18,30,22.21730249599932
4000,6,0.65,35,6,100,0.5384615384615384,0.6511627906976745,0.24324324324324326,56,18,30,20.747494189999998
4000,6,0.65,35,10,25,0.5384615384615384,0.6511627906976745,0.24324324324324326,56,18,30,20.48831804600195
2000,6,0.65,10,6,100,0.5377358490566038,0.6627906976744186,0.2597402597402597,57,20,29,14.704966067998612
2000,6,0.65,10,10,25,0.5377358490566038,0.6627906976744186,0.2597402597402597,57,20,29,15.320365282997955
2000,6,0.65,10,10,100,0.5377358490566038,0.6627906976744186,0.2597402597402597,57,20,29,14.574372188006237
2000,6,0.65,20,10,25,0.5377358490566038,0.6627906976744186,0.2597402597402597,57,20,29,14.668541986000491
4000,6,0.65,20,6,100,0.5377358490566038,0.6627906976744186,0.2597402597402597,57,20,29,22.21178572899953
4000,6,0.65,20,10,100,0.5377358490566038,0.6627906976744186,0.2597402597402597,57,20,29,21.442975903999468
4000,6,0.7,20,10,100,0.5377358490566038,0.6627906976744186,0.2597402597402597,57,20,29,23.25166492700373
1000,4,0.7,35,20,100,0.5353535353535354,0.6162790697674418,0.19696969696969696,53,13,33,13.460837647995504
1000,4,0.65,35,6,25,0.5346534653465347,0.627906976744186,0.21739130434782608,54,15,32,11.473993008003163
1000,4,0.7,20,20,25,0.5346534653465347,0.627906976744186,0.21739130434782608,54,15,32,15.531818572999327
1000,6,0.75,35,20,100,0.5346534653465347,0.627906976744186,0.21739130434782608,54,15,32,16.90648419199715
2000,4,0.65,10,20,25,0.5346534653465347,0.627906976744186,0.21739130434782608,54,15,32,12.645633826003177
2000,4,0.65,20,20,25,0.5346534653465347,0.627906976744186,0.21739130434782608,54,15,32,12.83277610699588
2000,4,0.65,35,6,100,0.5346534653465347,0.627906976744186,0.21739130434782608,54,15,32,12.410532057001546
2000,4,0.7,10,6,100,0.5346534653465347,0.627906976744186,0.21739130434782608,54,15,32,13.967069301004813
2000,4,0.75,20,6,100,0.5346534653465347,0.627906976744186,0.21739130434782608,54,15,32,12.441310788002738
2000,4,0.75,35,6,25,0.5346534653465347,0.627906976744186,0.21739130434782608,54,15,32,12.186266930002603
4000,4,0.7,10,20,25,0.5346534653465347,0.627906976744186,0.21739130434782608,54,15,32,19.569456999000977
1000,4,0.65,20,6,100,0.5339805825242718,0.6395348837209303,0.2361111111111111,55,17,31,14.14332023600582
1000,4,0.7,35,10,100,0.5339805825242718,0.6395348837209303,0.2361111111111111,55,17,31,11.87141478400008
1000,4,0.75,10,10,25,0.5339805825242718,0.6395348837209303,0.2361111111111111,55,17,31,15.594012802997895
2000,4,0.65,20,6,100,0.5339805825242718,0.6395348837209303,0.2361111111111111,55,17,31,13.293006973006413
4000,4,0.65,20,6,25,0.5339805825242718,0.6395348837209303,0.2361111111111111,55,17,31,18.7326037189996
4000,4,0.7,10,10,25,0.5339805825242718,0.6395348837209303,0.2361111111111111,55,17,31,20.04911374999938
4000,6,0.65,35,20,100,0.5339805825242718,0.6395348837209303,0.2361111111111111,55,17,31,20.56048260699754
1000,4,0.65,10,10,100,0.5333333333333333,0.6511627906976745,0.25333333333333335,56,19,30,12.214108841995767
1000,6,0.65,35,10,100,0.5333333333333333,0.6511627906976745,0.25333333333333335,56,19,30,15.625232883998251
1000,6,0.65,35,20,100,0.5333333333333333,0.6511627906976745,0.25333333333333335,56,19,30,15.682635163000668
4000,6,0.65,35,10,100,0.5333333333333333,0.6511627906976745,0.25333333333333335,56,19,30,20.997876599998563
4000,6,0.7,20,6,100,0.5333333333333333,0.6511627906976745,0.25333333333333335,56,19,30,23.743362421999336
1000,6,0.7,10,10,25,0.5327102803738317,0.6627906976744186,0.2692307692307692,57,21,29,17.22742819699488
1000,6,0.7,20,6,100,0.5327102803738317,0.6627906976744186,0.2692307692307692,57,21,29,16.39133157699689
2000,6,0.7,20,10,100,0.5327102803738317,0.6627906976744186,0.2692307692307692,57,21,29,15.324035862999153
4000,6,0.65,10,10,100,0.5327102803738317,0.6627906976744186,0.2692307692307692,57,21,29,21.817786064995744
4000,4,0.75,35,20,25,0.5306122448979592,0.6046511627906976,0.1875,52,12,34,17.936324146001425
1000,4,0.75,20,20,25,0.53,0.6162790697674418,0.208955223880597,53,14,33,14.831450881996716
2000,4,0.7,10,10,25,0.53,0.6162790697674418,0.208955223880597,53,14,33,14.036290237003413
2000,4,0.75,10,10,25,0.53,0.6162790697674418,0.208955223880597,53,14,33,12.733418137999251
2000,4,0.75,20,6,25,0.53,0.6162790697674418,0.208955223880597,53,14,33,12.668802487998619
4000,4,0.75,20,6,100,0.53,0.6162790697674418,0.208955223880597,53,14,33,19.535898287002055
4000,4,0.75,20,20,100,0.53,0.6162790697674418,0.208955223880597,53,14,33,18.6705286840006
1000,4,0.65,20,6,25,0.5294117647058824,0.627906976744186,0.22857142857142856,54,16,32,14.014311160004581
1000,4,0.65,20,10,100,0.5294117647058824,0.627906976744186,0.22857142857142856,54,16,32,13.479020073995343
2000,4,0.65,20,6,25,0.5294117647058824,0.627906976744186,0.22857142857142856,54,16,32,12.771698483993532
2000,4,0.65,20,10,100,0.5294117647058824,0.627906976744186,0.22857142857142856,54,16,32,11.735174708999693
2000,4,0.7,20,6,25,0.5294117647058824,0.627906976744186,0.22857142857142856,54,16,32,14.450655170003301
4000,4,0.65,20,6,100,0.5294117647058824,0.627906976744186,0.22857142857142856,54,16,32,18.4240415259992
4000,4,0.65,35,10,100,0.5294117647058824,0.627906976744186,0.22857142857142856,54,16,32,16.373037087003468
4000,4,0.7,35,10,100,0.5294117647058824,0.627906976744186,0.22857142857142856,54,16,32,18.004470858002605
4000,4,0.75,10,6,100,0.5294117647058824,0.627906976744186,0.22857142857142856,54,16,32,19.185486975999083
1000,6,0.65,35,6,25,0.5288461538461539,0.6395348837209303,0.2465753424657534,55,18,31,16.370861727002193
1000,6,0.65,10,10,25,0.5283018867924528,0.6511627906976745,0.2631578947368421,56,20,30,16.8161739749994
2000,6,0.7,35,6,25,0.5283018867924528,0.6511627906976745,0.2631578947368421,56,20,30,15.333375622001768
4000,6,0.65,10,6,100,0.5283018867924528,0.6511627906976745,0.2631578947368421,56,20,30,22.49847698600206
4000,6,0.7,35,6,100,0.5283018867924528,0.6511627906976745,0.2631578947368421,56,20,30,23.05060608900385
1000,6,0.65,10,6,100,0.5277777777777778,0.6627906976744186,0.27848101265822783,57,22,29,17.548817693001183
1000,4,0.7,20,20,100,0.5252525252525253,0.6046511627906976,0.2,52,13,34,14.755241506005405
4000,4,0.7,35,20,100,0.5252525252525253,0.6046511627906976,0.2,52,13,34,17.2580652559991
1000,4,0.7,35,20,25,0.5247524752475248,0.6162790697674418,0.22058823529411764,53,15,33,12.024336149996088
2000,4,0.7,10,20,25,0.5247524752475248,0.6162790697674418,0.22058823529411764,53,15,33,15.332818162001786
2000,4,0.7,10,20,100,0.5247524752475248,0.6162790697674418,0.22058823529411764,53,15,33,13.990942959004315
2000,4,0.7,35,20,100,0.5247524752475248,0.6162790697674418,0.22058823529411764,53,15,33,11.773193424000056
2000,4,0.75,10,6,25,0.5247524752475248,0.6162790697674418,0.22058823529411764,53,15,33,13.13382080700103
2000,4,0.75,20,10,100,0.5247524752475248,0.6162790697674418,0.22058823529411764,53,15,33,12.650694671996462
2000,4,0.75,35,10,100,0.5247524752475248,0.6162790697674418,0.22058823529411764,53,15,33,12.31188795700291
2000,4,0.75,35,20,25,0.5247524752475248,0.6162790697674418,0.22058823529411764,53,15,33,12.052982043001975
4000,4,0.75,35,6,100,0.5247524752475248,0.6162790697674418,0.22058823529411764,53,15,33,18.17797830500058
1000,4,0.65,10,10,25,0.5242718446601942,0.627906976744186,0.23943661971830985,54,17,32,11.896456114998728
1000,4,0.7,10,6,25,0.5242718446601942,0.627906976744186,0.23943661971830985,54,17,32,14.592627138001262
1000,4,0.7,10,10,25,0.5242718446601942,0.627906976744186,0.23943661971830985,54,17,32,14.450688434997573
1000,4,0.7,20,10,100,0.5242718446601942,0.627906976744186,0.23943661971830985,54,17,32,14.656101466003747
2000,4,0.7,20,10,25,0.5242718446601942,0.627906976744186,0.23943661971830985,54,17,32,13.780166418997396
2000,6,0.75,35,6,100,0.5242718446601942,0.627906976744186,0.23943661971830985,54,17,32,14.547507866998785
4000,4,0.65,10,10,100,0.5242718446601942,0.627906976744186,0.23943661971830985,54,17,32,17.50847846900433
4000,4,0.65,20,10,25,0.5242718446601942,0.627906976744186,0.23943661971830985,54,17,32,19.632183827001427
4000,4,0.7,10,6,100,0.5242718446601942,0.627906976744186,0.23943661971830985,54,17,32,19.19569100499939
1000,4,0.7,10,6,100,0.5238095238095238,0.6395348837209303,0.25675675675675674,55,19,31,14.187411922997853
2000,4,0.65,10,6,25,0.5238095238095238,0.6395348837209303,0.25675675675675674,55,19,31,12.784557238999696
4000,6,0.7,20,6,25,0.5238095238095238,0.6395348837209303,0.25675675675675674,55,19,31,23.54400712500501
1000,6,0.7,20,10,100,0.5233644859813084,0.6511627906976745,0.2727272727272727,56,21,30,16.3258909569995
2000,6,0.65,20,6,25,0.5233644859813084,0.6511627906976745,0.2727272727272727,56,21,30,14.167441849996976
2000,6,0.65,20,10,100,0.5233644859813084,0.6511627906976745,0.2727272727272727,56,21,30,14.769967209998867
4000,6,0.65,20,10,25,0.5233644859813084,0.6511627906976745,0.2727272727272727,56,21,30,21.325430812998093
4000,6,0.7,20,10,25,0.5233644859813084,0.6511627906976745,0.2727272727272727,56,21,30,23.2897949420003
2000,6,0.7,20,6,25,0.5229357798165137,0.6627906976744186,0.2875,57,23,29,15.537100706002093
4000,6,0.7,10,10,25,0.5229357798165137,0.6627906976744186,0.2875,57,23,29,23.788935680000577
1000,4,0.75,20,6,100,0.52,0.6046511627906976,0.21212121212121213,52,14,34,14.85312819799583
1000,4,0.75,20,10,100,0.52,0.6046511627906976,0.21212121212121213,52,14,34,15.296226944999944
1000,4,0.75,35,20,100,0.52,0.6046511627906976,0.21212121212121213,52,14,34,13.475055619994237
4000,4,0.7,35,6,100,0.52,0.6046511627906976,0.21212121212121213,52,14,34,17.58538206099911
4000,4,0.75,10,10,25,0.52,0.6046511627906976,0.21212121212121213,52,14,34,19.60824805199809
4000,4,0.75,10,20,25,0.52,0.6046511627906976,0.21212121212121213,52,14,34,19.663561439003388
4000,4,0.75,35,10,25,0.52,0.6046511627906976,0.21212121212121213,52,14,34,18.653880417994515
1000,4,0.7,10,10,100,0.5196078431372549,0.6162790697674418,0.2318840579710145,53,16,33,14.356659634002426
1000,4,0.7,20,6,25,0.5196078431372549,0.6162790697674418,0.2318840579710145,53,16,33,13.92668245400273
2000,4,0.7,35,20,25,0.5196078431372549,0.6162790697674418,0.2318840579710145,53,16,33,11.619476875996043
1000,4,0.7,20,6,100,0.5192307692307693,0.627906976744186,0.25,54,18,32,14.201184377001482
4000,6,0.65,10,10,25,0.5185185185185185,0.6511627906976745,0.28205128205128205,56,22,30,22.401201542001218
2000,6,0.7,20,6,100,0.5181818181818182,0.6627906976744186,0.2962962962962963,57,24,29,15.423329335004382
4000,6,0.7,10,6,100,0.5181818181818182,0.6627906976744186,0.2962962962962963,57,24,29,24.263429377002467
1000,4,0.7,35,6,25,0.5148514851485149,0.6046511627906976,0.22388059701492538,52,15,34,14.100554795004427
1000,4,0.7,35,6,100,0.5148514851485149,0.6046511627906976,0.22388059701492538,52,15,34,13.614673699004925
1000,4,0.75,20,6,25,0.5148514851485149,0.6046511627906976,0.22388059701492538,52,15,34,15.41025566499593
2000,4,0.7,20,20,25,0.5148514851485149,0.6046511627906976,0.22388059701492538,52,15,34,14.440115726996737
2000,4,0.7,20,20,100,0.5148514851485149,0.6046511627906976,0.22388059701492538,52,15,34,14.009115312997892
2000,4,0.7,35,6,25,0.5148514851485149,0.6046511627906976,0.22388059701492538,52,15,34,11.894071265000093
2000,4,0.75,35,6,100,0.5148514851485149,0.6046511627906976,0.22388059701492538,52,15,34,12.286326991998067
4000,4,0.7,10,10,100,0.5148514851485149,0.6046511627906976,0.22388059701492538,52,15,34,19.502556437997555
4000,4,0.7,10,20,100,0.5148514851485149,0.6046511627906976,0.22388059701492538,52,15,34,18.93859799799975
4000,4,0.7,20,20,100,0.5148514851485149,0.6046511627906976,0.22388059701492538,52,15,34,19.522923919001187
4000,4,0.75,10,6,25,0.5148514851485149,0.6046511627906976,0.22388059701492538,52,15,34,20.210004614003992
4000,6,0.75,35,6,100,0.5148514851485149,0.6046511627906976,0.22388059701492538,52,15,34,25.913108325003122
1000,4,0.7,20,10,25,0.5145631067961165,0.6162790697674418,0.24285714285714285,53,17,33,16.49108193099528
2000,4,0.7,10,6,25,0.5145631067961165,0.6162790697674418,0.24285714285714285,53,17,33,14.952979018002225
2000,6,0.75,35,10,100,0.5145631067961165,0.6162790697674418,0.24285714285714285,53,17,33,15.327025916994899
4000,6,0.75,35,10,25,0.5145631067961165,0.6162790697674418,0.24285714285714285,53,17,33,25.156392762000905
1000,4,0.65,10,6,100,0.5142857142857142,0.627906976744186,0.2602739726027397,54,19,32,12.007411472994136
4000,6,0.65,35,6,25,0.5142857142857142,0.627906976744186,0.2602739726027397,54,19,32,21.554293743000017
2000,6,0.7,10,10,100,0.5137614678899083,0.6511627906976745,0.2911392405063291,56,23,30,15.815496925999469
1000,4,0.7,10,20,100,0.5098039215686274,0.6046511627906976,0.23529411764705882,52,16,34,14.58083614899806
1000,4,0.7,35,10,25,0.5098039215686274,0.6046511627906976,0.23529411764705882,52,16,34,12.478790809000202
1000,6,0.75,10,20,25,0.5098039215686274,0.6046511627906976,0.23529411764705882,52,16,34,16.60632889399858
4000,4,0.7,35,6,25,0.5098039215686274,0.6046511627906976,0.23529411764705882,52,16,34,18.250160930001584
4000,4,0.75,10,20,100,0.5098039215686274,0.6046511627906976,0.23529411764705882,52,16,34,19.881908891999046
4000,6,0.75,35,20,25,0.5098039215686274,0.6046511627906976,0.23529411764705882,52,16,34,23.434705362000386
1000,6,0.75,20,10,25,0.5096153846153846,0.6162790697674418,0.2535211267605634,53,18,33,16.042659605001973
2000,4,0.65,10,10,25,0.5096153846153846,0.6162790697674418,0.2535211267605634,53,18,33,13.087178957997821
2000,6,0.75,10,10,100,0.5096153846153846,0.6162790697674418,0.2535211267605634,53,18,33,15.972882246998779
4000,4,0.7,20,10,100,0.5096153846153846,0.6162790697674418,0.2535211267605634,53,18,33,18.615258601996175
1000,6,0.75,20,10,100,0.5048543689320388,0.6046511627906976,0.2463768115942029,52,17,34,16.498817380997934
1000,6,0.75,35,6,25,0.5048543689320388,0.6046511627906976,0.2463768115942029,52,17,34,16.27873490100319
1000,6,0.75,35,10,25,0.5048543689320388,0.6046511627906976,0.2463768115942029,52,17,34,16.598880204001034
2000,4,0.7,20,6,100,0.5048543689320388,0.6046511627906976,0.2463768115942029,52,17,34,13.440555995999603
2000,4,0.7,20,10,100,0.5048543689320388,0.6046511627906976,0.2463768115942029,52,17,34,14.497569481995015
2000,4,0.7,35,10,100,0.5048543689320388,0.6046511627906976,0.2463768115942029,52,17,34,11.719085029995767
4000,6,0.75,35,6,25,0.5048543689320388,0.6046511627906976,0.2463768115942029,52,17,34,23.032649807006237
2000,4,0.65,10,6,100,0.5047619047619047,0.6162790697674418,0.2638888888888889,53,19,33,13.187794028002827
2000,6,0.75,10,10,25,0.5047619047619047,0.6162790697674418,0.2638888888888889,53,19,33,15.402152486996783
4000,4,0.65,20,10,100,0.5047619047619047,0.6162790697674418,0.2638888888888889,53,19,33,17.826273206002952
4000,4,0.7,20,6,25,0.5047619047619047,0.6162790697674418,0.2638888888888889,53,19,33,19.326609062998614
4000,6,0.75,20,20,25,0.5047619047619047,0.6162790697674418,0.2638888888888889,53,19,33,23.982013583998196
4000,6,0.75,20,20,100,0.5047619047619047,0.6162790697674418,0.2638888888888889,53,19,33,25.39045254299708
1000,6,0.65,10,10,100,0.5045871559633027,0.6395348837209303,0.2948717948717949,55,23,31,17.23459772500064
1000,6,0.75,20,20,100,0.5,0.6046511627906976,0.2571428571428571,52,18,34,16.738282161000825
1000,6,0.75,35,20,25,0.5,0.6046511627906976,0.2571428571428571,52,18,34,16.52680685800442
2000,4,0.75,10,6,100,0.5,0.5930232558139535,0.23880597014925373,51,16,35,12.799049191999075
2000,6,0.75,10,20,25,0.5,0.6162790697674418,0.273972602739726,53,20,33,15.839045151005848
2000,6,0.75,10,20,100,0.5,0.5930232558139535,0.23880597014925373,51,16,35,15.740679607995844
2000,6,0.75,20,20,25,0.5,0.6162790697674418,0.273972602739726,53,20,33,15.838990942000237
2000,6,0.75,35,20,25,0.5,0.6046511627906976,0.2571428571428571,52,18,34,15.314599637000356
2000,6,0.75,35,20,100,0.5,0.5930232558139535,0.23880597014925373,51,16,35,14.92317711799842
4000,4,0.65,10,6,25,0.5,0.6162790697674418,0.273972602739726,53,20,33,17.536336572004075
4000,4,0.65,10,6,100,0.5,0.6162790697674418,0.273972602739726,53,20,33,17.592421063993243
4000,4,0.7,20,6,100,0.5,0.6046511627906976,0.2571428571428571,52,18,34,18.067548912003986
4000,6,0.75,35,20,100,0.5,0.6046511627906976,0.2571428571428571,52,18,34,23.4188097389997
1000,6,0.75,20,6,100,0.4954128440366973,0.627906976744186,0.2987012987012987,54,23,32,15.983203305004281
1000,6,0.75,35,6,100,0.4953271028037383,0.6162790697674418,0.28378378378378377,53,21,33,15.540930082002888
1000,6,0.75,35,10,100,0.4953271028037383,0.6162790697674418,0.28378378378378377,53,21,33,17.290023761001066
2000,4,0.7,10,10,100,0.49523809523809526,0.6046511627906976,0.2676056338028169,52,19,34,14.225799868996546
2000,4,0.7,35,6,100,0.49523809523809526,0.6046511627906976,0.2676056338028169,52,19,34,16.298466970001755
4000,6,0.75,10,6,100,0.49523809523809526,0.6046511627906976,0.2676056338028169,52,19,34,24.690695343000698
4000,6,0.75,10,10,25,0.49523809523809526,0.6046511627906976,0.2676056338028169,52,19,34,23.79492349999782
2000,4,0.75,10,20,100,0.49514563106796117,0.5930232558139535,0.25,51,17,35,12.991312320998986
4000,4,0.7,10,6,25,0.49514563106796117,0.5930232558139535,0.25,51,17,35,19.49822465699981
1000,6,0.75,10,10,100,0.49074074074074076,0.6162790697674418,0.29333333333333333,53,22,33,17.04424926199863
1000,6,0.75,10,10,25,0.49056603773584906,0.6046511627906976,0.2777777777777778,52,20,34,16.079198440995242
4000,6,0.75,20,10,25,0.49056603773584906,0.6046511627906976,0.2777777777777778,52,20,34,24.764645912997366
1000,6,0.75,10,20,100,0.49038461538461536,0.5930232558139535,0.2608695652173913,51,18,35,16.55127876399638
2000,6,0.75,10,6,25,0.49038461538461536,0.5930232558139535,0.2608695652173913,51,18,35,15.593457445997046
4000,6,0.75,35,10,100,0.49019607843137253,0.5813953488372093,0.24242424242424243,50,16,36,23.076795715998742
2000,6,0.75,20,10,100,0.48598130841121495,0.6046511627906976,0.2876712328767123,52,21,34,15.968258237000555
4000,6,0.75,20,6,25,0.48598130841121495,0.6046511627906976,0.2876712328767123,52,21,34,24.079986460004875
1000,6,0.75,20,6,25,0.4857142857142857,0.5930232558139535,0.2714285714285714,51,19,35,16.7184554129999
2000,6,0.75,20,20,100,0.4857142857142857,0.5930232558139535,0.2714285714285714,51,19,35,15.57025994900323
1000,6,0.75,10,6,100,0.48148148148148145,0.6046511627906976,0.2972972972972973,52,22,34,15.989977021003142
2000,6,0.75,10,6,100,0.48148148148148145,0.6046511627906976,0.2972972972972973,52,22,34,15.804441170002974
4000,6,0.75,20,10,100,0.4811320754716981,0.5930232558139535,0.28169014084507044,51,20,35,24.44286500999442
1000,6,0.75,20,20,25,0.4807692307692308,0.5813953488372093,0.2647058823529412,50,18,36,16.81195126800594
2000,6,0.75,20,6,25,0.4807692307692308,0.5813953488372093,0.2647058823529412,50,18,36,15.267172125000798
2000,6,0.75,20,10,25,0.4807692307692308,0.5813953488372093,0.2647058823529412,50,18,36,15.311975552998774
4000,6,0.75,10,20,25,0.47619047619047616,0.5813953488372093,0.2753623188405797,50,19,36,25.80089338200196
2000,6,0.75,35,6,25,0.4722222222222222,0.5930232558139535,0.3013698630136986,51,22,35,14.855510436005716
4000,6,0.75,10,10,100,0.4722222222222222,0.5930232558139535,0.3013698630136986,51,22,35,25.595767385995714
4000,6,0.75,10,20,100,0.47115384615384615,0.5697674418604651,0.26865671641791045,49,18,37,24.347043439003755
4000,6,0.75,10,6,25,0.4672897196261682,0.5813953488372093,0.29577464788732394,50,21,36,23.16043490300217
2000,6,0.75,35,10,25,0.4666666666666667,0.5697674418604651,0.27941176470588236,49,19,37,14.846352207001473
2000,6,0.75,20,6,100,0.46296296296296297,0.5813953488372093,0.3055555555555556,50,22,36,15.464392369998677
4000,6,0.75,20,6,100,0.45794392523364486,0.5697674418604651,0.3,49,21,37,24.352012827999715
1000,6,0.75,10,6,25,0.45045045045045046,0.5813953488372093,0.3333333333333333,50,25,36,16.795272889001353
